"id";"idversion_init";"idversion_end";"file";"begin_line";"end_line";"rule";"ruleset";"package";"class";"function";"priority";"violation";"violation_nonumbers";"version_init";"version_end";"date_init";"date_end";"diff";"censored"
"3224";"17";"22";"_test\core\phpQuery-onefile.php";"1129";"4296";"CouplingBetweenObjects";"Design Rules";"phpQuery";"phpQueryObject";;"2";"The class phpQueryObject has a coupling between objects value of 13. Consider to reduce the number of dependencies under 13.";"The class phpQueryObject has a coupling between objects value of . Consider to reduce the number of dependencies under .";"2012-10-13";"2014-05-05a";"2012-10-13";"2014-06-25";"620";"1"
"3336";"17";"22";"_test\core\phpQuery-onefile.php";"4393";"5646";"CouplingBetweenObjects";"Design Rules";"phpQuery";"phpQuery";;"2";"The class phpQuery has a coupling between objects value of 14. Consider to reduce the number of dependencies under 13.";"The class phpQuery has a coupling between objects value of . Consider to reduce the number of dependencies under .";"2012-10-13";"2014-05-05a";"2012-10-13";"2014-06-25";"620";"1"
"4518";"30";"0";"inc\Form\Form.php";"11";"439";"CouplingBetweenObjects";"Design Rules";"dokuwiki\Form";"Form";;"2";"The class Form has a coupling between objects value of 13. Consider to reduce the number of dependencies under 13.";"The class Form has a coupling between objects value of . Consider to reduce the number of dependencies under .";"2016-06-26";;"2016-06-26";"2019-01-06";"924";"0"
"174";"1";"3";"inc\geshi.php";"102";"2577";"ExcessiveClassLength";"Code Size Rules";"+global";"GeSHi";;"3";"The class GeSHi has 2476 lines of code. Current threshold is 1000. Avoid really long classes.";"The class GeSHi has  lines of code. Current threshold is . Avoid really long classes.";"2005-07-01";"2005-09-19";"2005-07-01";"2005-09-19";"80";"1"
"654";"3";"0";"inc\JpegMeta.php";"31";"2979";"ExcessiveClassLength";"Code Size Rules";"+global";"JpegMeta";;"3";"The class JpegMeta has 2949 lines of code. Current threshold is 1000. Avoid really long classes.";"The class JpegMeta has  lines of code. Current threshold is . Avoid really long classes.";"2005-09-19";;"2005-09-19";"2019-01-06";"4857";"0"
"776";"3";"8";"inc\geshi.php";"158";"2599";"ExcessiveClassLength";"Code Size Rules";"core";"GeSHi";;"3";"The class GeSHi has 2442 lines of code. Current threshold is 1000. Avoid really long classes.";"The class GeSHi has  lines of code. Current threshold is . Avoid really long classes.";"2005-09-19";"2007-06-26";"2005-09-19";"2007-07-02";"651";"1"
"818";"3";"0";"inc\parser\xhtml.php";"26";"1037";"ExcessiveClassLength";"Code Size Rules";"+global";"Doku_Renderer_xhtml";;"3";"The class Doku_Renderer_xhtml has 1012 lines of code. Current threshold is 1000. Avoid really long classes.";"The class Doku_Renderer_xhtml has  lines of code. Current threshold is . Avoid really long classes.";"2005-09-19";;"2005-09-19";"2019-01-06";"4857";"0"
"1268";"7";"9";"inc\SimplePie.php";"24";"2799";"ExcessiveClassLength";"Code Size Rules";"+global";"SimplePie";;"3";"The class SimplePie has 2776 lines of code. Current threshold is 1000. Avoid really long classes.";"The class SimplePie has  lines of code. Current threshold is . Avoid really long classes.";"2006-11-06";"2008-05-04";"2006-11-06";"2008-05-04";"545";"1"
"1721";"8";"18";"inc\SimplePie.php";"2464";"3607";"ExcessiveClassLength";"Code Size Rules";"+global";"SimplePie_Misc";;"3";"The class SimplePie_Misc has 1144 lines of code. Current threshold is 1000. Avoid really long classes.";"The class SimplePie_Misc has  lines of code. Current threshold is . Avoid really long classes.";"2007-06-26";"2013-05-10";"2007-07-02";"2013-05-10";"2139";"1"
"1864";"8";"28";"inc\geshi.php";"158";"2884";"ExcessiveClassLength";"Code Size Rules";"geshi";"GeSHi";;"3";"The class GeSHi has 2727 lines of code. Current threshold is 1000. Avoid really long classes.";"The class GeSHi has  lines of code. Current threshold is . Avoid really long classes.";"2007-06-26";"2015-08-10";"2007-07-02";"2015-08-10";"2961";"1"
"1979";"9";"18";"inc\SimplePie.php";"345";"2694";"ExcessiveClassLength";"Code Size Rules";"SimplePie";"SimplePie";;"3";"The class SimplePie has 2350 lines of code. Current threshold is 1000. Avoid really long classes.";"The class SimplePie has  lines of code. Current threshold is . Avoid really long classes.";"2008-05-04";"2013-05-10";"2008-05-04";"2013-05-10";"1832";"1"
"2039";"9";"18";"inc\SimplePie.php";"2696";"5132";"ExcessiveClassLength";"Code Size Rules";"+global";"SimplePie_Item";;"3";"The class SimplePie_Item has 2437 lines of code. Current threshold is 1000. Avoid really long classes.";"The class SimplePie_Item has  lines of code. Current threshold is . Avoid really long classes.";"2008-05-04";"2013-05-10";"2008-05-04";"2013-05-10";"1832";"1"
"2351";"11";"18";"inc\adLDAP.php";"62";"2330";"ExcessiveClassLength";"Code Size Rules";"+global";"adLDAP";;"3";"The class adLDAP has 2269 lines of code. Current threshold is 1000. Avoid really long classes.";"The class adLDAP has  lines of code. Current threshold is . Avoid really long classes.";"2010-11-07";"2013-05-10";"2010-11-07";"2013-05-10";"915";"1"
"2968";"13";"0";"inc\indexer.php";"105";"1126";"ExcessiveClassLength";"Code Size Rules";"+global";"Doku_Indexer";;"3";"The class Doku_Indexer has 1022 lines of code. Current threshold is 1000. Avoid really long classes.";"The class Doku_Indexer has  lines of code. Current threshold is . Avoid really long classes.";"2011_05_25";;"2011-05-25";"2019-01-06";"2783";"0"
"3219";"17";"22";"_test\core\phpQuery-onefile.php";"1129";"4296";"ExcessiveClassLength";"Code Size Rules";"phpQuery";"phpQueryObject";;"3";"The class phpQueryObject has 3168 lines of code. Current threshold is 1000. Avoid really long classes.";"The class phpQueryObject has  lines of code. Current threshold is . Avoid really long classes.";"2012-10-13";"2014-05-05a";"2012-10-13";"2014-06-25";"620";"1"
"3330";"17";"22";"_test\core\phpQuery-onefile.php";"4393";"5646";"ExcessiveClassLength";"Code Size Rules";"phpQuery";"phpQuery";;"3";"The class phpQuery has 1254 lines of code. Current threshold is 1000. Avoid really long classes.";"The class phpQuery has  lines of code. Current threshold is . Avoid really long classes.";"2012-10-13";"2014-05-05a";"2012-10-13";"2014-06-25";"620";"1"
"3498";"18";"32";"inc\SimplePie.php";"414";"3058";"ExcessiveClassLength";"Code Size Rules";"SimplePie\API";"SimplePie";;"3";"The class SimplePie has 2645 lines of code. Current threshold is 1000. Avoid really long classes.";"The class SimplePie has  lines of code. Current threshold is . Avoid really long classes.";"2013-05-10";"2017-02-19";"2013-05-10";"2017-02-19";"1381";"1"
"3540";"18";"32";"inc\SimplePie.php";"5452";"6776";"ExcessiveClassLength";"Code Size Rules";"SimplePie\API";"SimplePie_Enclosure";;"3";"The class SimplePie_Enclosure has 1325 lines of code. Current threshold is 1000. Avoid really long classes.";"The class SimplePie_Enclosure has  lines of code. Current threshold is . Avoid really long classes.";"2013-05-10";"2017-02-19";"2013-05-10";"2017-02-19";"1381";"1"
"3564";"18";"32";"inc\SimplePie.php";"7830";"9012";"ExcessiveClassLength";"Code Size Rules";"SimplePie\HTTP";"SimplePie_IRI";;"3";"The class SimplePie_IRI has 1183 lines of code. Current threshold is 1000. Avoid really long classes.";"The class SimplePie_IRI has  lines of code. Current threshold is . Avoid really long classes.";"2013-05-10";"2017-02-19";"2013-05-10";"2017-02-19";"1381";"1"
"3586";"18";"32";"inc\SimplePie.php";"9024";"11931";"ExcessiveClassLength";"Code Size Rules";"SimplePie\API";"SimplePie_Item";;"3";"The class SimplePie_Item has 2908 lines of code. Current threshold is 1000. Avoid really long classes.";"The class SimplePie_Item has  lines of code. Current threshold is . Avoid really long classes.";"2013-05-10";"2017-02-19";"2013-05-10";"2017-02-19";"1381";"1"
"3612";"18";"32";"inc\SimplePie.php";"12266";"14462";"ExcessiveClassLength";"Code Size Rules";"SimplePie";"SimplePie_Misc";;"3";"The class SimplePie_Misc has 2197 lines of code. Current threshold is 1000. Avoid really long classes.";"The class SimplePie_Misc has  lines of code. Current threshold is . Avoid really long classes.";"2013-05-10";"2017-02-19";"2013-05-10";"2017-02-19";"1381";"1"
"3910";"20";"38";"inc\lessc.inc.php";"40";"2176";"ExcessiveClassLength";"Code Size Rules";"+global";"lessc";;"3";"The class lessc has 2137 lines of code. Current threshold is 1000. Avoid really long classes.";"The class lessc has  lines of code. Current threshold is . Avoid really long classes.";"2013-12-08";"2018-04-22";"2013-12-08";"2018-04-22";"1596";"1"
"3980";"20";"38";"inc\lessc.inc.php";"2180";"3558";"ExcessiveClassLength";"Code Size Rules";"+global";"lessc_parser";;"3";"The class lessc_parser has 1379 lines of code. Current threshold is 1000. Avoid really long classes.";"The class lessc_parser has  lines of code. Current threshold is . Avoid really long classes.";"2013-12-08";"2018-04-22";"2013-12-08";"2018-04-22";"1596";"1"
"4038";"20";"32";"inc\phpseclib\Crypt_Base.php";"124";"1986";"ExcessiveClassLength";"Code Size Rules";"Crypt_Base";"Crypt_Base";;"3";"The class Crypt_Base has 1863 lines of code. Current threshold is 1000. Avoid really long classes.";"The class Crypt_Base has  lines of code. Current threshold is . Avoid really long classes.";"2013-12-08";"2017-02-19";"2013-12-08";"2017-02-19";"1169";"1"
"4084";"20";"32";"inc\phpseclib\Crypt_Rijndael.php";"144";"1371";"ExcessiveClassLength";"Code Size Rules";"Crypt_Rijndael";"Crypt_Rijndael";;"3";"The class Crypt_Rijndael has 1228 lines of code. Current threshold is 1000. Avoid really long classes.";"The class Crypt_Rijndael has  lines of code. Current threshold is . Avoid really long classes.";"2013-12-08";"2017-02-19";"2013-12-08";"2017-02-19";"1169";"1"
"4115";"20";"32";"inc\phpseclib\Math_BigInteger.php";"182";"3651";"ExcessiveClassLength";"Code Size Rules";"Math_BigInteger";"Math_BigInteger";;"3";"The class Math_BigInteger has 3470 lines of code. Current threshold is 1000. Avoid really long classes.";"The class Math_BigInteger has  lines of code. Current threshold is . Avoid really long classes.";"2013-12-08";"2017-02-19";"2013-12-08";"2017-02-19";"1169";"1"
"4304";"21";"0";"lib\plugins\extension\helper\extension.php";"16";"1091";"ExcessiveClassLength";"Code Size Rules";"+global";"helper_plugin_extension_extension";;"3";"The class helper_plugin_extension_extension has 1076 lines of code. Current threshold is 1000. Avoid really long classes.";"The class helper_plugin_extension_extension has  lines of code. Current threshold is . Avoid really long classes.";"2014-05-05";;"2014-05-05";"2019-01-06";"1707";"0"
"4357";"21";"0";"lib\plugins\usermanager\admin.php";"22";"1055";"ExcessiveClassLength";"Code Size Rules";"+global";"admin_plugin_usermanager";;"3";"The class admin_plugin_usermanager has 1034 lines of code. Current threshold is 1000. Avoid really long classes.";"The class admin_plugin_usermanager has  lines of code. Current threshold is . Avoid really long classes.";"2014-05-05";;"2014-05-05";"2019-01-06";"1707";"0"
"23";"1";"0";"inc\DifferenceEngine.php";"381";"486";"ExcessiveMethodLength";"Code Size Rules";"+global";"_DiffEngine";;"3";"The method _shift_boundaries() has 106 lines of code. Current threshold is set to 100. Avoid really long methods.";"The method _shift_boundaries() has  lines of code. Current threshold is set to . Avoid really long methods.";"2005-07-01";;"2005-07-01";"2019-01-06";"4937";"0"
"161";"1";"38";"inc\feedcreator.class.php";"898";"998";"ExcessiveMethodLength";"Code Size Rules";"+global";"RSSCreator091";;"3";"The method createFeed() has 101 lines of code. Current threshold is set to 100. Avoid really long methods.";"The method createFeed() has  lines of code. Current threshold is set to . Avoid really long methods.";"2005-07-01";"2018-04-22";"2005-07-01";"2018-04-22";"4678";"1"
"223";"1";"3";"inc\geshi.php";"1164";"1629";"ExcessiveMethodLength";"Code Size Rules";"+global";"GeSHi";;"3";"The method parse_code() has 466 lines of code. Current threshold is set to 100. Avoid really long methods.";"The method parse_code() has  lines of code. Current threshold is set to . Avoid really long methods.";"2005-07-01";"2005-09-19";"2005-07-01";"2005-09-19";"80";"1"
"233";"1";"3";"inc\geshi.php";"1785";"1994";"ExcessiveMethodLength";"Code Size Rules";"+global";"GeSHi";;"3";"The method parse_non_string_part() has 210 lines of code. Current threshold is set to 100. Avoid really long methods.";"The method parse_non_string_part() has  lines of code. Current threshold is set to . Avoid really long methods.";"2005-07-01";"2005-09-19";"2005-07-01";"2005-09-19";"80";"1"
"240";"1";"3";"inc\geshi.php";"2080";"2210";"ExcessiveMethodLength";"Code Size Rules";"+global";"GeSHi";;"3";"The method finalise() has 131 lines of code. Current threshold is set to 100. Avoid really long methods.";"The method finalise() has  lines of code. Current threshold is set to . Avoid really long methods.";"2005-07-01";"2005-09-19";"2005-07-01";"2005-09-19";"80";"1"
"251";"1";"3";"inc\geshi.php";"2406";"2575";"ExcessiveMethodLength";"Code Size Rules";"+global";"GeSHi";;"3";"The method get_stylesheet() has 170 lines of code. Current threshold is set to 100. Avoid really long methods.";"The method get_stylesheet() has  lines of code. Current threshold is set to . Avoid really long methods.";"2005-07-01";"2005-09-19";"2005-07-01";"2005-09-19";"80";"1"
"283";"1";"5";"inc\html.php";"822";"954";"ExcessiveMethodLength";"Code Size Rules";"+global";;"html_edit";"3";"The function html_edit() has 133 lines of code. Current threshold is set to 100. Avoid really long methods.";"The function html_edit() has  lines of code. Current threshold is set to . Avoid really long methods.";"2005-07-01";"2006-03-05";"2005-07-01";"2006-03-05";"247";"1"
"312";"1";"3";"inc\magpie\extlib\Snoopy.class.inc";"125";"257";"ExcessiveMethodLength";"Code Size Rules";"+global";"Snoopy";;"3";"The method fetch() has 133 lines of code. Current threshold is set to 100. Avoid really long methods.";"The method fetch() has  lines of code. Current threshold is set to . Avoid really long methods.";"2005-07-01";"2005-09-19";"2005-07-01";"2005-09-19";"80";"1"
"316";"1";"3";"inc\magpie\extlib\Snoopy.class.inc";"407";"579";"ExcessiveMethodLength";"Code Size Rules";"+global";"Snoopy";;"3";"The method _httprequest() has 173 lines of code. Current threshold is set to 100. Avoid really long methods.";"The method _httprequest() has  lines of code. Current threshold is set to . Avoid really long methods.";"2005-07-01";"2005-09-19";"2005-07-01";"2005-09-19";"80";"1"
"321";"1";"3";"inc\magpie\extlib\Snoopy.class.inc";"590";"729";"ExcessiveMethodLength";"Code Size Rules";"+global";"Snoopy";;"3";"The method _httpsrequest() has 140 lines of code. Current threshold is set to 100. Avoid really long methods.";"The method _httpsrequest() has  lines of code. Current threshold is set to . Avoid really long methods.";"2005-07-01";"2005-09-19";"2005-07-01";"2005-09-19";"80";"1"
"333";"1";"7";"inc\magpie\rss_fetch.inc";"88";"221";"ExcessiveMethodLength";"Code Size Rules";"+global";;"fetch_rss";"3";"The function fetch_rss() has 134 lines of code. Current threshold is set to 100. Avoid really long methods.";"The function fetch_rss() has  lines of code. Current threshold is set to . Avoid really long methods.";"2005-07-01";"2006-11-06";"2005-07-01";"2006-11-06";"493";"1"
"348";"1";"7";"inc\magpie\rss_parse.inc";"147";"257";"ExcessiveMethodLength";"Code Size Rules";"+global";"MagpieRSS";;"3";"The method feed_start_element() has 111 lines of code. Current threshold is set to 100. Avoid really long methods.";"The method feed_start_element() has  lines of code. Current threshold is set to . Avoid really long methods.";"2005-07-01";"2006-11-06";"2005-07-01";"2006-11-06";"493";"1"
"432";"1";"13";"inc\parser\handler.php";"1299";"1449";"ExcessiveMethodLength";"Code Size Rules";"+global";"Doku_Handler_Block";;"3";"The method process() has 151 lines of code. Current threshold is set to 100. Avoid really long methods.";"The method process() has  lines of code. Current threshold is set to . Avoid really long methods.";"2005-07-01";"2011_05_25";"2005-07-01";"2011-05-25";"2154";"1"
"641";"3";"0";"inc\HTTPClient.php";"141";"306";"ExcessiveMethodLength";"Code Size Rules";"+global";"HTTPClient";;"3";"The method sendRequest() has 166 lines of code. Current threshold is set to 100. Avoid really long methods.";"The method sendRequest() has  lines of code. Current threshold is set to . Avoid really long methods.";"2005-09-19";;"2005-09-19";"2019-01-06";"4857";"0"
"672";"3";"0";"inc\JpegMeta.php";"545";"662";"ExcessiveMethodLength";"Code Size Rules";"+global";"JpegMeta";;"3";"The method getDates() has 118 lines of code. Current threshold is set to 100. Avoid really long methods.";"The method getDates() has  lines of code. Current threshold is set to . Avoid really long methods.";"2005-09-19";;"2005-09-19";"2019-01-06";"4857";"0"
"682";"3";"0";"inc\JpegMeta.php";"869";"980";"ExcessiveMethodLength";"Code Size Rules";"+global";"JpegMeta";;"3";"The method _readJPEG() has 112 lines of code. Current threshold is set to 100. Avoid really long methods.";"The method _readJPEG() has  lines of code. Current threshold is set to . Avoid really long methods.";"2005-09-19";;"2005-09-19";"2019-01-06";"4857";"0"
"688";"3";"0";"inc\JpegMeta.php";"1011";"1144";"ExcessiveMethodLength";"Code Size Rules";"+global";"JpegMeta";;"3";"The method _writeJPEG() has 134 lines of code. Current threshold is set to 100. Avoid really long methods.";"The method _writeJPEG() has  lines of code. Current threshold is set to . Avoid really long methods.";"2005-09-19";;"2005-09-19";"2019-01-06";"4857";"0"
"693";"3";"0";"inc\JpegMeta.php";"1194";"1298";"ExcessiveMethodLength";"Code Size Rules";"+global";"JpegMeta";;"3";"The method _parseFileInfo() has 105 lines of code. Current threshold is set to 100. Avoid really long methods.";"The method _parseFileInfo() has  lines of code. Current threshold is set to . Avoid really long methods.";"2005-09-19";;"2005-09-19";"2019-01-06";"4857";"0"
"704";"3";"0";"inc\JpegMeta.php";"1498";"1722";"ExcessiveMethodLength";"Code Size Rules";"+global";"JpegMeta";;"3";"The method _readIFD() has 225 lines of code. Current threshold is set to 100. Avoid really long methods.";"The method _readIFD() has  lines of code. Current threshold is set to . Avoid really long methods.";"2005-09-19";;"2005-09-19";"2019-01-06";"4857";"0"
"712";"3";"0";"inc\JpegMeta.php";"1831";"2168";"ExcessiveMethodLength";"Code Size Rules";"+global";"JpegMeta";;"3";"The method _getIFDEntries() has 338 lines of code. Current threshold is set to 100. Avoid really long methods.";"The method _getIFDEntries() has  lines of code. Current threshold is set to . Avoid really long methods.";"2005-09-19";;"2005-09-19";"2019-01-06";"4857";"0"
"719";"3";"11";"inc\JpegMeta.php";"2171";"2270";"ExcessiveMethodLength";"Code Size Rules";"+global";"JpegMeta";;"3";"The method _parseMarkerAdobe() has 100 lines of code. Current threshold is set to 100. Avoid really long methods.";"The method _parseMarkerAdobe() has  lines of code. Current threshold is set to . Avoid really long methods.";"2005-09-19";"2010-11-07";"2005-09-19";"2010-11-07";"1875";"1"
"722";"3";"0";"inc\JpegMeta.php";"2429";"2580";"ExcessiveMethodLength";"Code Size Rules";"+global";"JpegMeta";;"3";"The method _exifTagNames() has 152 lines of code. Current threshold is set to 100. Avoid really long methods.";"The method _exifTagNames() has  lines of code. Current threshold is set to . Avoid really long methods.";"2005-09-19";;"2005-09-19";"2019-01-06";"4857";"0"
"723";"3";"0";"inc\JpegMeta.php";"2583";"2734";"ExcessiveMethodLength";"Code Size Rules";"+global";"JpegMeta";;"3";"The method _exifTagTypes() has 152 lines of code. Current threshold is set to 100. Avoid really long methods.";"The method _exifTagTypes() has  lines of code. Current threshold is set to . Avoid really long methods.";"2005-09-19";;"2005-09-19";"2019-01-06";"4857";"0"
"788";"3";"8";"inc\geshi.php";"1399";"1762";"ExcessiveMethodLength";"Code Size Rules";"core";"GeSHi";;"3";"The method parse_code() has 364 lines of code. Current threshold is set to 100. Avoid really long methods.";"The method parse_code() has  lines of code. Current threshold is set to . Avoid really long methods.";"2005-09-19";"2007-06-26";"2005-09-19";"2007-07-02";"651";"1"
"792";"3";"8";"inc\geshi.php";"1927";"2107";"ExcessiveMethodLength";"Code Size Rules";"core";"GeSHi";;"3";"The method parse_non_string_part() has 181 lines of code. Current threshold is set to 100. Avoid really long methods.";"The method parse_non_string_part() has  lines of code. Current threshold is set to . Avoid really long methods.";"2005-09-19";"2007-06-26";"2005-09-19";"2007-07-02";"651";"1"
"795";"3";"8";"inc\geshi.php";"2177";"2283";"ExcessiveMethodLength";"Code Size Rules";"core";"GeSHi";;"3";"The method finalise() has 107 lines of code. Current threshold is set to 100. Avoid really long methods.";"The method finalise() has  lines of code. Current threshold is set to . Avoid really long methods.";"2005-09-19";"2007-06-26";"2005-09-19";"2007-07-02";"651";"1"
"798";"3";"8";"inc\geshi.php";"2464";"2597";"ExcessiveMethodLength";"Code Size Rules";"core";"GeSHi";;"3";"The method get_stylesheet() has 134 lines of code. Current threshold is set to 100. Avoid really long methods.";"The method get_stylesheet() has  lines of code. Current threshold is set to . Avoid really long methods.";"2005-09-19";"2007-06-26";"2005-09-19";"2007-07-02";"651";"1"
"1162";"5";"0";"inc\toolbar.php";"21";"176";"ExcessiveMethodLength";"Code Size Rules";"+global";;"toolbar_JSdefines";"3";"The function toolbar_JSdefines() has 156 lines of code. Current threshold is set to 100. Avoid really long methods.";"The function toolbar_JSdefines() has  lines of code. Current threshold is set to . Avoid really long methods.";"2006-03-05";;"2006-03-05";"2019-01-06";"4690";"0"
"1168";"5";"0";"inc\utf8.php";"406";"554";"ExcessiveMethodLength";"Code Size Rules";"+global";;"utf8_to_unicode";"3";"The function utf8_to_unicode() has 149 lines of code. Current threshold is set to 100. Avoid really long methods.";"The function utf_to_unicode() has  lines of code. Current threshold is set to . Avoid really long methods.";"2006-03-05";;"2006-03-05";"2019-01-06";"4690";"0"
"1238";"5";"0";"lib\plugins\usermanager\admin.php";"136";"244";"ExcessiveMethodLength";"Code Size Rules";"+global";"admin_plugin_usermanager";;"3";"The method html() has 109 lines of code. Current threshold is set to 100. Avoid really long methods.";"The method html() has  lines of code. Current threshold is set to . Avoid really long methods.";"2006-03-05";;"2006-03-05";"2019-01-06";"4690";"0"
"1282";"7";"9";"inc\SimplePie.php";"211";"1268";"ExcessiveMethodLength";"Code Size Rules";"+global";"SimplePie";;"3";"The method init() has 1058 lines of code. Current threshold is set to 100. Avoid really long methods.";"The method init() has  lines of code. Current threshold is set to . Avoid really long methods.";"2006-11-06";"2008-05-04";"2006-11-06";"2008-05-04";"545";"1"
"1299";"7";"8";"inc\SimplePie.php";"1898";"2158";"ExcessiveMethodLength";"Code Size Rules";"+global";"SimplePie";;"3";"The method parse_xml_data_array() has 261 lines of code. Current threshold is set to 100. Avoid really long methods.";"The method parse_xml_data_array() has  lines of code. Current threshold is set to . Avoid really long methods.";"2006-11-06";"2007-06-26";"2006-11-06";"2007-07-02";"238";"1"
"1314";"7";"8";"inc\SimplePie.php";"2443";"2682";"ExcessiveMethodLength";"Code Size Rules";"+global";"SimplePie";;"3";"The method dataHandler() has 240 lines of code. Current threshold is set to 100. Avoid really long methods.";"The method dataHandler() has  lines of code. Current threshold is set to . Avoid really long methods.";"2006-11-06";"2007-06-26";"2006-11-06";"2007-07-02";"238";"1"
"1326";"7";"38";"inc\actions.php";"18";"125";"ExcessiveMethodLength";"Code Size Rules";"+global";;"act_dispatch";"3";"The function act_dispatch() has 108 lines of code. Current threshold is set to 100. Avoid really long methods.";"The function act_dispatch() has  lines of code. Current threshold is set to . Avoid really long methods.";"2006-11-06";"2018-04-22";"2006-11-06";"2018-04-22";"4185";"1"
"1383";"7";"0";"inc\html.php";"447";"549";"ExcessiveMethodLength";"Code Size Rules";"+global";;"html_revisions";"3";"The function html_revisions() has 103 lines of code. Current threshold is set to 100. Avoid really long methods.";"The function html_revisions() has  lines of code. Current threshold is set to . Avoid really long methods.";"2006-11-06";;"2006-11-06";"2019-01-06";"4444";"0"
"1384";"7";"8";"inc\indexer.php";"231";"334";"ExcessiveMethodLength";"Code Size Rules";"+global";;"idx_lookup";"3";"The function idx_lookup() has 104 lines of code. Current threshold is set to 100. Avoid really long methods.";"The function idx_lookup() has  lines of code. Current threshold is set to . Avoid really long methods.";"2006-11-06";"2007-06-26";"2006-11-06";"2007-07-02";"238";"1"
"1393";"7";"0";"inc\infoutils.php";"78";"180";"ExcessiveMethodLength";"Code Size Rules";"+global";;"check";"3";"The function check() has 103 lines of code. Current threshold is set to 100. Avoid really long methods.";"The function check() has  lines of code. Current threshold is set to . Avoid really long methods.";"2006-11-06";;"2006-11-06";"2019-01-06";"4444";"0"
"1477";"7";"11";"inc\template.php";"470";"577";"ExcessiveMethodLength";"Code Size Rules";"+global";;"tpl_actionlink";"3";"The function tpl_actionlink() has 108 lines of code. Current threshold is set to 100. Avoid really long methods.";"The function tpl_actionlink() has  lines of code. Current threshold is set to . Avoid really long methods.";"2006-11-06";"2010-11-07";"2006-11-06";"2010-11-07";"1462";"1"
"1526";"7";"0";"lib\plugins\config\admin.php";"94";"204";"ExcessiveMethodLength";"Code Size Rules";"+global";"admin_plugin_config";;"3";"The method html() has 111 lines of code. Current threshold is set to 100. Avoid really long methods.";"The method html() has  lines of code. Current threshold is set to . Avoid really long methods.";"2006-11-06";;"2006-11-06";"2019-01-06";"4444";"0"
"1706";"8";"18";"inc\SimplePie.php";"1837";"2136";"ExcessiveMethodLength";"Code Size Rules";"+global";"SimplePie_Enclosure";;"3";"The method embed() has 300 lines of code. Current threshold is set to 100. Avoid really long methods.";"The method embed() has  lines of code. Current threshold is set to . Avoid really long methods.";"2007-06-26";"2013-05-10";"2007-07-02";"2013-05-10";"2139";"1"
"1712";"8";"18";"inc\SimplePie.php";"2151";"2309";"ExcessiveMethodLength";"Code Size Rules";"+global";"SimplePie_File";;"3";"The method SimplePie_File() has 159 lines of code. Current threshold is set to 100. Avoid really long methods.";"The method SimplePie_File() has  lines of code. Current threshold is set to . Avoid really long methods.";"2007-06-26";"2013-05-10";"2007-07-02";"2013-05-10";"2139";"1"
"1726";"8";"9";"inc\SimplePie.php";"2466";"2611";"ExcessiveMethodLength";"Code Size Rules";"+global";"SimplePie_Misc";;"3";"The method absolutize_url() has 146 lines of code. Current threshold is set to 100. Avoid really long methods.";"The method absolutize_url() has  lines of code. Current threshold is set to . Avoid really long methods.";"2007-06-26";"2008-05-04";"2007-07-02";"2008-05-04";"307";"1"
"1740";"8";"18";"inc\SimplePie.php";"2819";"3571";"ExcessiveMethodLength";"Code Size Rules";"+global";"SimplePie_Misc";;"3";"The method encoding() has 753 lines of code. Current threshold is set to 100. Avoid really long methods.";"The method encoding() has  lines of code. Current threshold is set to . Avoid really long methods.";"2007-06-26";"2013-05-10";"2007-07-02";"2013-05-10";"2139";"1"
"1757";"8";"9";"inc\SimplePie.php";"3839";"3950";"ExcessiveMethodLength";"Code Size Rules";"+global";"SimplePie_Parser";;"3";"The method SimplePie_Parser() has 112 lines of code. Current threshold is set to 100. Avoid really long methods.";"The method SimplePie_Parser() has  lines of code. Current threshold is set to . Avoid really long methods.";"2007-06-26";"2008-05-04";"2007-07-02";"2008-05-04";"307";"1"
"1764";"8";"9";"inc\SimplePie.php";"4060";"4309";"ExcessiveMethodLength";"Code Size Rules";"+global";"SimplePie_Parser";;"3";"The method data_handler() has 250 lines of code. Current threshold is set to 100. Avoid really long methods.";"The method data_handler() has  lines of code. Current threshold is set to . Avoid really long methods.";"2007-06-26";"2008-05-04";"2007-07-02";"2008-05-04";"307";"1"
"1781";"8";"9";"inc\SimplePie.php";"4604";"5017";"ExcessiveMethodLength";"Code Size Rules";"+global";"SimplePie_Sanitize";;"3";"The method parse_data_array() has 414 lines of code. Current threshold is set to 100. Avoid really long methods.";"The method parse_data_array() has  lines of code. Current threshold is set to . Avoid really long methods.";"2007-06-26";"2008-05-04";"2007-07-02";"2008-05-04";"307";"1"
"1788";"8";"18";"inc\SimplePie.php";"5019";"5129";"ExcessiveMethodLength";"Code Size Rules";"+global";"SimplePie_Sanitize";;"3";"The method sanitize() has 111 lines of code. Current threshold is set to 100. Avoid really long methods.";"The method sanitize() has  lines of code. Current threshold is set to . Avoid really long methods.";"2007-06-26";"2013-05-10";"2007-07-02";"2013-05-10";"2139";"1"
"1801";"8";"9";"inc\SimplePie.php";"5342";"5446";"ExcessiveMethodLength";"Code Size Rules";"+global";"SimplePie_Sanitize";;"3";"The method parse_date() has 105 lines of code. Current threshold is set to 100. Avoid really long methods.";"The method parse_date() has  lines of code. Current threshold is set to . Avoid really long methods.";"2007-06-26";"2008-05-04";"2007-07-02";"2008-05-04";"307";"1"
"1862";"8";"20";"inc\common.php";"61";"173";"ExcessiveMethodLength";"Code Size Rules";"+global";;"pageinfo";"3";"The function pageinfo() has 113 lines of code. Current threshold is set to 100. Avoid really long methods.";"The function pageinfo() has  lines of code. Current threshold is set to . Avoid really long methods.";"2007-06-26";"2013-12-08";"2007-07-02";"2013-12-08";"2351";"1"
"1875";"8";"28";"inc\geshi.php";"1439";"1895";"ExcessiveMethodLength";"Code Size Rules";"geshi";"GeSHi";;"3";"The method parse_code() has 457 lines of code. Current threshold is set to 100. Avoid really long methods.";"The method parse_code() has  lines of code. Current threshold is set to . Avoid really long methods.";"2007-06-26";"2015-08-10";"2007-07-02";"2015-08-10";"2961";"1"
"1882";"8";"28";"inc\geshi.php";"2075";"2272";"ExcessiveMethodLength";"Code Size Rules";"geshi";"GeSHi";;"3";"The method parse_non_string_part() has 198 lines of code. Current threshold is set to 100. Avoid really long methods.";"The method parse_non_string_part() has  lines of code. Current threshold is set to . Avoid really long methods.";"2007-06-26";"2015-08-10";"2007-07-02";"2015-08-10";"2961";"1"
"1886";"8";"28";"inc\geshi.php";"2339";"2475";"ExcessiveMethodLength";"Code Size Rules";"geshi";"GeSHi";;"3";"The method finalise() has 137 lines of code. Current threshold is set to 100. Avoid really long methods.";"The method finalise() has  lines of code. Current threshold is set to . Avoid really long methods.";"2007-06-26";"2015-08-10";"2007-07-02";"2015-08-10";"2961";"1"
"1891";"8";"28";"inc\geshi.php";"2741";"2882";"ExcessiveMethodLength";"Code Size Rules";"geshi";"GeSHi";;"3";"The method get_stylesheet() has 142 lines of code. Current threshold is set to 100. Avoid really long methods.";"The method get_stylesheet() has  lines of code. Current threshold is set to . Avoid really long methods.";"2007-06-26";"2015-08-10";"2007-07-02";"2015-08-10";"2961";"1"
"1945";"8";"0";"inc\template.php";"179";"283";"ExcessiveMethodLength";"Code Size Rules";"+global";;"tpl_metaheaders";"3";"The function tpl_metaheaders() has 105 lines of code. Current threshold is set to 100. Avoid really long methods.";"The function tpl_metaheaders() has  lines of code. Current threshold is set to . Avoid really long methods.";"2007-06-26";;"2007-07-02";"2019-01-06";"4206";"0"
"1973";"9";"0";"feed.php";"133";"272";"ExcessiveMethodLength";"Code Size Rules";"+global";;"rss_buildItems";"3";"The function rss_buildItems() has 140 lines of code. Current threshold is set to 100. Avoid really long methods.";"The function rss_buildItems() has  lines of code. Current threshold is set to . Avoid really long methods.";"2008-05-04";;"2008-05-04";"2019-01-06";"3899";"0"
"2011";"9";"18";"inc\SimplePie.php";"1326";"1668";"ExcessiveMethodLength";"Code Size Rules";"SimplePie";"SimplePie";;"3";"The method init() has 343 lines of code. Current threshold is set to 100. Avoid really long methods.";"The method init() has  lines of code. Current threshold is set to . Avoid really long methods.";"2008-05-04";"2013-05-10";"2008-05-04";"2013-05-10";"1832";"1"
"2059";"9";"18";"inc\SimplePie.php";"3247";"4999";"ExcessiveMethodLength";"Code Size Rules";"+global";"SimplePie_Item";;"3";"The method get_enclosures() has 1753 lines of code. Current threshold is set to 100. Avoid really long methods.";"The method get_enclosures() has  lines of code. Current threshold is set to . Avoid really long methods.";"2008-05-04";"2013-05-10";"2008-05-04";"2013-05-10";"1832";"1"
"2101";"9";"18";"inc\SimplePie.php";"6019";"6198";"ExcessiveMethodLength";"Code Size Rules";"+global";"SimplePie_Enclosure";;"3";"The method get_real_type() has 180 lines of code. Current threshold is set to 100. Avoid really long methods.";"The method get_real_type() has  lines of code. Current threshold is set to . Avoid really long methods.";"2008-05-04";"2013-05-10";"2008-05-04";"2013-05-10";"1832";"1"
"2141";"9";"13";"inc\SimplePie.php";"9154";"9451";"ExcessiveMethodLength";"Code Size Rules";"+global";"SimplePie_Misc";;"3";"The method parse_date() has 298 lines of code. Current threshold is set to 100. Avoid really long methods.";"The method parse_date() has  lines of code. Current threshold is set to . Avoid really long methods.";"2008-05-04";"2011_05_25";"2008-05-04";"2011-05-25";"1116";"1"
"2186";"9";"18";"inc\auth\ldap.class.php";"145";"248";"ExcessiveMethodLength";"Code Size Rules";"+global";"auth_ldap";;"3";"The method getUserData() has 104 lines of code. Current threshold is set to 100. Avoid really long methods.";"The method getUserData() has  lines of code. Current threshold is set to . Avoid really long methods.";"2008-05-04";"2013-05-10";"2008-05-04";"2013-05-10";"1832";"1"
"2220";"9";"0";"inc\html.php";"773";"872";"ExcessiveMethodLength";"Code Size Rules";"+global";;"html_diff";"3";"The function html_diff() has 100 lines of code. Current threshold is set to 100. Avoid really long methods.";"The function html_diff() has  lines of code. Current threshold is set to . Avoid really long methods.";"2008-05-04";;"2008-05-04";"2019-01-06";"3899";"0"
"2253";"9";"11";"inc\template.php";"443";"544";"ExcessiveMethodLength";"Code Size Rules";"+global";;"tpl_button";"3";"The function tpl_button() has 102 lines of code. Current threshold is set to 100. Avoid really long methods.";"The function tpl_button() has  lines of code. Current threshold is set to . Avoid really long methods.";"2008-05-04";"2010-11-07";"2008-05-04";"2010-11-07";"917";"1"
"2255";"9";"0";"lib\exe\css.php";"30";"130";"ExcessiveMethodLength";"Code Size Rules";"+global";;"css_out";"3";"The function css_out() has 101 lines of code. Current threshold is set to 100. Avoid really long methods.";"The function css_out() has  lines of code. Current threshold is set to . Avoid really long methods.";"2008-05-04";;"2008-05-04";"2019-01-06";"3899";"0"
"2304";"9";"13";"lib\plugins\popularity\admin.php";"97";"212";"ExcessiveMethodLength";"Code Size Rules";"+global";"admin_plugin_popularity";;"3";"The method _gather() has 116 lines of code. Current threshold is set to 100. Avoid really long methods.";"The method _gather() has  lines of code. Current threshold is set to . Avoid really long methods.";"2008-05-04";"2011_05_25";"2008-05-04";"2011-05-25";"1116";"1"
"2318";"11";"22";"_cs\DokuWiki\Sniffs\WhiteSpace\ScopeIndentSniff.php";"83";"283";"ExcessiveMethodLength";"Code Size Rules";"PHP_CodeSniffer";"DokuWiki_Sniffs_WhiteSpace_ScopeIndentSniff";;"3";"The method process() has 201 lines of code. Current threshold is set to 100. Avoid really long methods.";"The method process() has  lines of code. Current threshold is set to . Avoid really long methods.";"2010-11-07";"2014-05-05a";"2010-11-07";"2014-06-25";"1326";"1"
"2506";"11";"0";"inc\fulltext.php";"497";"722";"ExcessiveMethodLength";"Code Size Rules";"+global";;"ft_queryParser";"3";"The function ft_queryParser() has 226 lines of code. Current threshold is set to 100. Avoid really long methods.";"The function ft_queryParser() has  lines of code. Current threshold is set to . Avoid really long methods.";"2010-11-07";;"2010-11-07";"2019-01-06";"2982";"0"
"2523";"11";"28";"inc\geshi.php";"1865";"2027";"ExcessiveMethodLength";"Code Size Rules";"geshi";"GeSHi";;"3";"The method build_parse_cache() has 163 lines of code. Current threshold is set to 100. Avoid really long methods.";"The method build_parse_cache() has  lines of code. Current threshold is set to . Avoid really long methods.";"2010-11-07";"2015-08-10";"2010-11-07";"2015-08-10";"1737";"1"
"2558";"11";"28";"inc\geshi.php";"4467";"4578";"ExcessiveMethodLength";"Code Size Rules";"geshi";"GeSHi";;"3";"The method optimize_regexp_list() has 112 lines of code. Current threshold is set to 100. Avoid really long methods.";"The method optimize_regexp_list() has  lines of code. Current threshold is set to . Avoid really long methods.";"2010-11-07";"2015-08-10";"2010-11-07";"2015-08-10";"1737";"1"
"2562";"11";"0";"inc\html.php";"581";"696";"ExcessiveMethodLength";"Code Size Rules";"+global";;"html_recent";"3";"The function html_recent() has 116 lines of code. Current threshold is set to 100. Avoid really long methods.";"The function html_recent() has  lines of code. Current threshold is set to . Avoid really long methods.";"2010-11-07";;"2010-11-07";"2019-01-06";"2982";"0"
"2565";"11";"32";"inc\html.php";"1369";"1469";"ExcessiveMethodLength";"Code Size Rules";"+global";;"html_admin";"3";"The function html_admin() has 101 lines of code. Current threshold is set to 100. Avoid really long methods.";"The function html_admin() has  lines of code. Current threshold is set to . Avoid really long methods.";"2010-11-07";"2017-02-19";"2010-11-07";"2017-02-19";"2296";"1"
"2624";"11";"0";"inc\parser\handler.php";"1262";"1420";"ExcessiveMethodLength";"Code Size Rules";"+global";"Doku_Handler_Table";;"3";"The method finalizeTable() has 159 lines of code. Current threshold is set to 100. Avoid really long methods.";"The method finalizeTable() has  lines of code. Current threshold is set to . Avoid really long methods.";"2010-11-07";;"2010-11-07";"2019-01-06";"2982";"0"
"2677";"11";"38";"inc\template.php";"515";"633";"ExcessiveMethodLength";"Code Size Rules";"+global";;"tpl_get_action";"3";"The function tpl_get_action() has 119 lines of code. Current threshold is set to 100. Avoid really long methods.";"The function tpl_get_action() has  lines of code. Current threshold is set to . Avoid really long methods.";"2010-11-07";"2018-04-22";"2010-11-07";"2018-04-22";"2723";"1"
"2702";"11";"38";"lib\exe\ajax.php";"237";"340";"ExcessiveMethodLength";"Code Size Rules";"+global";;"ajax_linkwiz";"3";"The function ajax_linkwiz() has 104 lines of code. Current threshold is set to 100. Avoid really long methods.";"The function ajax_linkwiz() has  lines of code. Current threshold is set to . Avoid really long methods.";"2010-11-07";"2018-04-22";"2010-11-07";"2018-04-22";"2723";"1"
"2720";"11";"17";"lib\exe\xmlrpc.php";"81";"286";"ExcessiveMethodLength";"Code Size Rules";"+global";"dokuwiki_xmlrpc_server";;"3";"The method dokuwiki_xmlrpc_server() has 206 lines of code. Current threshold is set to 100. Avoid really long methods.";"The method dokuwiki_xmlrpc_server() has  lines of code. Current threshold is set to . Avoid really long methods.";"2010-11-07";"2012-10-13";"2010-11-07";"2012-10-13";"706";"1"
"2737";"11";"0";"lib\plugins\acl\admin.php";"68";"174";"ExcessiveMethodLength";"Code Size Rules";"+global";"admin_plugin_acl";;"3";"The method handle() has 107 lines of code. Current threshold is set to 100. Avoid really long methods.";"The method handle() has  lines of code. Current threshold is set to . Avoid really long methods.";"2010-11-07";;"2010-11-07";"2019-01-06";"2982";"0"
"2854";"13";"18";"inc\SimplePie.php";"8436";"8604";"ExcessiveMethodLength";"Code Size Rules";"SimplePie";"SimplePie_gzdecode";;"3";"The method parse() has 169 lines of code. Current threshold is set to 100. Avoid really long methods.";"The method parse() has  lines of code. Current threshold is set to . Avoid really long methods.";"2011_05_25";"2013-05-10";"2011-05-25";"2013-05-10";"716";"1"
"2948";"13";"18";"inc\SimplePie.php";"14348";"14506";"ExcessiveMethodLength";"Code Size Rules";"+global";"SimplePie_Parser";;"3";"The method parse() has 159 lines of code. Current threshold is set to 100. Avoid really long methods.";"The method parse() has  lines of code. Current threshold is set to . Avoid really long methods.";"2011_05_25";"2013-05-10";"2011-05-25";"2013-05-10";"716";"1"
"3027";"13";"0";"lib\plugins\popularity\helper.php";"124";"243";"ExcessiveMethodLength";"Code Size Rules";"+global";"helper_plugin_popularity";;"3";"The method _gather() has 120 lines of code. Current threshold is set to 100. Avoid really long methods.";"The method _gather() has  lines of code. Current threshold is set to . Avoid really long methods.";"2011_05_25";;"2011-05-25";"2019-01-06";"2783";"0"
"3051";"15";"18";"inc\SimplePie.php";"11928";"12063";"ExcessiveMethodLength";"Code Size Rules";"SimplePie";"SimplePie_IRI";;"3";"The method replace_invalid_with_pct_encoding() has 136 lines of code. Current threshold is set to 100. Avoid really long methods.";"The method replace_invalid_with_pct_encoding() has  lines of code. Current threshold is set to . Avoid really long methods.";"2012-01-25";"2013-05-10";"2012-01-25";"2013-05-10";"471";"1"
"3054";"15";"18";"inc\SimplePie.php";"12075";"12205";"ExcessiveMethodLength";"Code Size Rules";"SimplePie";"SimplePie_IRI";;"3";"The method remove_iunreserved_percent_encoded() has 131 lines of code. Current threshold is set to 100. Avoid really long methods.";"The method remove_iunreserved_percent_encoded() has  lines of code. Current threshold is set to . Avoid really long methods.";"2012-01-25";"2013-05-10";"2012-01-25";"2013-05-10";"471";"1"
"3116";"15";"0";"inc\media.php";"1079";"1188";"ExcessiveMethodLength";"Code Size Rules";"+global";;"media_file_diff";"3";"The function media_file_diff() has 110 lines of code. Current threshold is set to 100. Avoid really long methods.";"The function media_file_diff() has  lines of code. Current threshold is set to . Avoid really long methods.";"2012-01-25";;"2012-01-25";"2019-01-06";"2538";"0"
"3234";"17";"22";"_test\core\phpQuery-onefile.php";"1427";"1587";"ExcessiveMethodLength";"Code Size Rules";"phpQuery";"phpQueryObject";;"3";"The method parseSelector() has 161 lines of code. Current threshold is set to 100. Avoid really long methods.";"The method parseSelector() has  lines of code. Current threshold is set to . Avoid really long methods.";"2012-10-13";"2014-05-05a";"2012-10-13";"2014-06-25";"620";"1"
"3251";"17";"22";"_test\core\phpQuery-onefile.php";"1803";"1962";"ExcessiveMethodLength";"Code Size Rules";"phpQuery";"phpQueryObject";;"3";"The method find() has 160 lines of code. Current threshold is set to 100. Avoid really long methods.";"The method find() has  lines of code. Current threshold is set to . Avoid really long methods.";"2012-10-13";"2014-05-05a";"2012-10-13";"2014-06-25";"620";"1"
"3255";"17";"22";"_test\core\phpQuery-onefile.php";"1967";"2229";"ExcessiveMethodLength";"Code Size Rules";"phpQuery";"phpQueryObject";;"3";"The method pseudoClasses() has 263 lines of code. Current threshold is set to 100. Avoid really long methods.";"The method pseudoClasses() has  lines of code. Current threshold is set to . Avoid really long methods.";"2012-10-13";"2014-05-05a";"2012-10-13";"2014-06-25";"620";"1"
"3267";"17";"22";"_test\core\phpQuery-onefile.php";"2291";"2419";"ExcessiveMethodLength";"Code Size Rules";"phpQuery";"phpQueryObject";;"3";"The method filter() has 129 lines of code. Current threshold is set to 100. Avoid really long methods.";"The method filter() has  lines of code. Current threshold is set to . Avoid really long methods.";"2012-10-13";"2014-05-05a";"2012-10-13";"2014-06-25";"620";"1"
"3289";"17";"22";"_test\core\phpQuery-onefile.php";"3152";"3311";"ExcessiveMethodLength";"Code Size Rules";"phpQuery";"phpQueryObject";;"3";"The method insert() has 160 lines of code. Current threshold is set to 100. Avoid really long methods.";"The method insert() has  lines of code. Current threshold is set to . Avoid really long methods.";"2012-10-13";"2014-05-05a";"2012-10-13";"2014-06-25";"620";"1"
"3358";"17";"22";"_test\core\phpQuery-onefile.php";"5031";"5196";"ExcessiveMethodLength";"Code Size Rules";"phpQuery";"phpQuery";;"3";"The method ajax() has 166 lines of code. Current threshold is set to 100. Avoid really long methods.";"The method ajax() has  lines of code. Current threshold is set to . Avoid really long methods.";"2012-10-13";"2014-05-05a";"2012-10-13";"2014-06-25";"620";"1"
"3423";"17";"0";"inc\RemoteAPICore.php";"16";"155";"ExcessiveMethodLength";"Code Size Rules";"+global";"RemoteAPICore";;"3";"The method __getRemoteInfo() has 140 lines of code. Current threshold is set to 100. Avoid really long methods.";"The method __getRemoteInfo() has  lines of code. Current threshold is set to . Avoid really long methods.";"2012-10-13";;"2012-10-13";"2019-01-06";"2276";"0"
"3444";"17";"21";"inc\auth.php";"519";"623";"ExcessiveMethodLength";"Code Size Rules";"+global";;"auth_aclcheck";"3";"The function auth_aclcheck() has 105 lines of code. Current threshold is set to 100. Avoid really long methods.";"The function auth_aclcheck() has  lines of code. Current threshold is set to . Avoid really long methods.";"2012-10-13";"2014-05-05";"2012-10-13";"2014-05-05";"569";"1"
"3445";"17";"0";"inc\auth.php";"894";"1011";"ExcessiveMethodLength";"Code Size Rules";"+global";;"act_resendpwd";"3";"The function act_resendpwd() has 118 lines of code. Current threshold is set to 100. Avoid really long methods.";"The function act_resendpwd() has  lines of code. Current threshold is set to . Avoid really long methods.";"2012-10-13";;"2012-10-13";"2019-01-06";"2276";"0"
"3506";"18";"32";"inc\SimplePie.php";"1208";"1390";"ExcessiveMethodLength";"Code Size Rules";"SimplePie\API";"SimplePie";;"3";"The method init() has 183 lines of code. Current threshold is set to 100. Avoid really long methods.";"The method init() has  lines of code. Current threshold is set to . Avoid really long methods.";"2013-05-10";"2017-02-19";"2013-05-10";"2017-02-19";"1381";"1"
"3509";"18";"32";"inc\SimplePie.php";"1399";"1553";"ExcessiveMethodLength";"Code Size Rules";"SimplePie\API";"SimplePie";;"3";"The method fetch_data() has 155 lines of code. Current threshold is set to 100. Avoid really long methods.";"The method fetch_data() has  lines of code. Current threshold is set to . Avoid really long methods.";"2013-05-10";"2017-02-19";"2013-05-10";"2017-02-19";"1381";"1"
"3533";"18";"32";"inc\SimplePie.php";"3716";"3847";"ExcessiveMethodLength";"Code Size Rules";"SimplePie\Caching";"SimplePie_Cache_MySQL";;"3";"The method save() has 132 lines of code. Current threshold is set to 100. Avoid really long methods.";"The method save() has  lines of code. Current threshold is set to . Avoid really long methods.";"2013-05-10";"2017-02-19";"2013-05-10";"2017-02-19";"1381";"1"
"3539";"18";"32";"inc\SimplePie.php";"4989";"5439";"ExcessiveMethodLength";"Code Size Rules";"SimplePie";"SimplePie_Decode_HTML_Entities";;"3";"The method entity() has 451 lines of code. Current threshold is set to 100. Avoid really long methods.";"The method entity() has  lines of code. Current threshold is set to . Avoid really long methods.";"2013-05-10";"2017-02-19";"2013-05-10";"2017-02-19";"1381";"1"
"3549";"18";"32";"inc\SimplePie.php";"6367";"6589";"ExcessiveMethodLength";"Code Size Rules";"SimplePie\API";"SimplePie_Enclosure";;"3";"The method embed() has 223 lines of code. Current threshold is set to 100. Avoid really long methods.";"The method embed() has  lines of code. Current threshold is set to . Avoid really long methods.";"2013-05-10";"2017-02-19";"2013-05-10";"2017-02-19";"1381";"1"
"3552";"18";"32";"inc\SimplePie.php";"6602";"6775";"ExcessiveMethodLength";"Code Size Rules";"SimplePie\API";"SimplePie_Enclosure";;"3";"The method get_real_type() has 174 lines of code. Current threshold is set to 100. Avoid really long methods.";"The method get_real_type() has  lines of code. Current threshold is set to . Avoid really long methods.";"2013-05-10";"2017-02-19";"2013-05-10";"2017-02-19";"1381";"1"
"3557";"18";"32";"inc\SimplePie.php";"6810";"7033";"ExcessiveMethodLength";"Code Size Rules";"SimplePie\HTTP";"SimplePie_File";;"3";"The method __construct() has 224 lines of code. Current threshold is set to 100. Avoid really long methods.";"The method __construct() has  lines of code. Current threshold is set to . Avoid really long methods.";"2013-05-10";"2017-02-19";"2013-05-10";"2017-02-19";"1381";"1"
"3561";"18";"32";"inc\SimplePie.php";"7192";"7360";"ExcessiveMethodLength";"Code Size Rules";"SimplePie\HTTP";"SimplePie_gzdecode";;"3";"The method parse() has 169 lines of code. Current threshold is set to 100. Avoid really long methods.";"The method parse() has  lines of code. Current threshold is set to . Avoid really long methods.";"2013-05-10";"2017-02-19";"2013-05-10";"2017-02-19";"1381";"1"
"3575";"18";"32";"inc\SimplePie.php";"8241";"8366";"ExcessiveMethodLength";"Code Size Rules";"SimplePie\HTTP";"SimplePie_IRI";;"3";"The method replace_invalid_with_pct_encoding() has 126 lines of code. Current threshold is set to 100. Avoid really long methods.";"The method replace_invalid_with_pct_encoding() has  lines of code. Current threshold is set to . Avoid really long methods.";"2013-05-10";"2017-02-19";"2013-05-10";"2017-02-19";"1381";"1"
"3578";"18";"32";"inc\SimplePie.php";"8377";"8507";"ExcessiveMethodLength";"Code Size Rules";"SimplePie\HTTP";"SimplePie_IRI";;"3";"The method remove_iunreserved_percent_encoded() has 131 lines of code. Current threshold is set to 100. Avoid really long methods.";"The method remove_iunreserved_percent_encoded() has  lines of code. Current threshold is set to . Avoid really long methods.";"2013-05-10";"2017-02-19";"2013-05-10";"2017-02-19";"1381";"1"
"3602";"18";"32";"inc\SimplePie.php";"10054";"11852";"ExcessiveMethodLength";"Code Size Rules";"SimplePie\API";"SimplePie_Item";;"3";"The method get_enclosures() has 1799 lines of code. Current threshold is set to 100. Avoid really long methods.";"The method get_enclosures() has  lines of code. Current threshold is set to . Avoid really long methods.";"2013-05-10";"2017-02-19";"2013-05-10";"2017-02-19";"1381";"1"
"3622";"18";"32";"inc\SimplePie.php";"12602";"13913";"ExcessiveMethodLength";"Code Size Rules";"SimplePie";"SimplePie_Misc";;"3";"The method encoding() has 1312 lines of code. Current threshold is set to 100. Avoid really long methods.";"The method encoding() has  lines of code. Current threshold is set to . Avoid really long methods.";"2013-05-10";"2017-02-19";"2013-05-10";"2017-02-19";"1381";"1"
"3640";"18";"32";"inc\SimplePie.php";"15667";"15825";"ExcessiveMethodLength";"Code Size Rules";"SimplePie\Parsing";"SimplePie_Parser";;"3";"The method parse() has 159 lines of code. Current threshold is set to 100. Avoid really long methods.";"The method parse() has  lines of code. Current threshold is set to . Avoid really long methods.";"2013-05-10";"2017-02-19";"2013-05-10";"2017-02-19";"1381";"1"
"3652";"18";"32";"inc\SimplePie.php";"16558";"16710";"ExcessiveMethodLength";"Code Size Rules";"SimplePie";"SimplePie_Sanitize";;"3";"The method sanitize() has 153 lines of code. Current threshold is set to 100. Avoid really long methods.";"The method sanitize() has  lines of code. Current threshold is set to . Avoid really long methods.";"2013-05-10";"2017-02-19";"2013-05-10";"2017-02-19";"1381";"1"
"3873";"18";"23";"lib\plugins\authldap\auth.php";"151";"255";"ExcessiveMethodLength";"Code Size Rules";"+global";"auth_plugin_authldap";;"3";"The method getUserData() has 105 lines of code. Current threshold is set to 100. Avoid really long methods.";"The method getUserData() has  lines of code. Current threshold is set to . Avoid really long methods.";"2013-05-10";"2014-09-29";"2013-05-10";"2014-09-29";"507";"1"
"3936";"20";"38";"inc\lessc.inc.php";"642";"776";"ExcessiveMethodLength";"Code Size Rules";"+global";"lessc";;"3";"The method compileProp() has 135 lines of code. Current threshold is set to 100. Avoid really long methods.";"The method compileProp() has  lines of code. Current threshold is set to . Avoid really long methods.";"2013-12-08";"2018-04-22";"2013-12-08";"2018-04-22";"1596";"1"
"3961";"20";"38";"inc\lessc.inc.php";"1356";"1466";"ExcessiveMethodLength";"Code Size Rules";"+global";"lessc";;"3";"The method reduce() has 111 lines of code. Current threshold is set to 100. Avoid really long methods.";"The method reduce() has  lines of code. Current threshold is set to . Avoid really long methods.";"2013-12-08";"2018-04-22";"2013-12-08";"2018-04-22";"1596";"1"
"3987";"20";"38";"inc\lessc.inc.php";"2318";"2464";"ExcessiveMethodLength";"Code Size Rules";"+global";"lessc_parser";;"3";"The method parseChunk() has 147 lines of code. Current threshold is set to 100. Avoid really long methods.";"The method parseChunk() has  lines of code. Current threshold is set to . Avoid really long methods.";"2013-12-08";"2018-04-22";"2013-12-08";"2018-04-22";"1596";"1"
"4052";"20";"32";"inc\phpseclib\Crypt_Base.php";"630";"843";"ExcessiveMethodLength";"Code Size Rules";"Crypt_Base";"Crypt_Base";;"3";"The method encrypt() has 214 lines of code. Current threshold is set to 100. Avoid really long methods.";"The method encrypt() has  lines of code. Current threshold is set to . Avoid really long methods.";"2013-12-08";"2017-02-19";"2013-12-08";"2017-02-19";"1169";"1"
"4056";"20";"32";"inc\phpseclib\Crypt_Base.php";"858";"1055";"ExcessiveMethodLength";"Code Size Rules";"Crypt_Base";"Crypt_Base";;"3";"The method decrypt() has 198 lines of code. Current threshold is set to 100. Avoid really long methods.";"The method decrypt() has  lines of code. Current threshold is set to . Avoid really long methods.";"2013-12-08";"2017-02-19";"2013-12-08";"2017-02-19";"1169";"1"
"4063";"20";"32";"inc\phpseclib\Crypt_Base.php";"1615";"1964";"ExcessiveMethodLength";"Code Size Rules";"Crypt_Base";"Crypt_Base";;"3";"The method _createInlineCryptFunction() has 350 lines of code. Current threshold is set to 100. Avoid really long methods.";"The method _createInlineCryptFunction() has  lines of code. Current threshold is set to . Avoid really long methods.";"2013-12-08";"2017-02-19";"2013-12-08";"2017-02-19";"1169";"1"
"4071";"20";"32";"inc\phpseclib\Crypt_Hash.php";"183";"285";"ExcessiveMethodLength";"Code Size Rules";"Crypt_Hash";"Crypt_Hash";;"3";"The method setHash() has 103 lines of code. Current threshold is set to 100. Avoid really long methods.";"The method setHash() has  lines of code. Current threshold is set to . Avoid really long methods.";"2013-12-08";"2017-02-19";"2013-12-08";"2017-02-19";"1169";"1"
"4083";"20";"32";"inc\phpseclib\Crypt_Hash.php";"559";"734";"ExcessiveMethodLength";"Code Size Rules";"Crypt_Hash";"Crypt_Hash";;"3";"The method _sha512() has 176 lines of code. Current threshold is set to 100. Avoid really long methods.";"The method _sha() has  lines of code. Current threshold is set to . Avoid really long methods.";"2013-12-08";"2017-02-19";"2013-12-08";"2017-02-19";"1169";"1"
"4105";"20";"32";"inc\phpseclib\Crypt_Rijndael.php";"1079";"1187";"ExcessiveMethodLength";"Code Size Rules";"Crypt_Rijndael";"Crypt_Rijndael";;"3";"The method _setupKey() has 109 lines of code. Current threshold is set to 100. Avoid really long methods.";"The method _setupKey() has  lines of code. Current threshold is set to . Avoid really long methods.";"2013-12-08";"2017-02-19";"2013-12-08";"2017-02-19";"1169";"1"
"4109";"20";"32";"inc\phpseclib\Crypt_Rijndael.php";"1211";"1370";"ExcessiveMethodLength";"Code Size Rules";"Crypt_Rijndael";"Crypt_Rijndael";;"3";"The method _setupInlineCrypt() has 160 lines of code. Current threshold is set to 100. Avoid really long methods.";"The method _setupInlineCrypt() has  lines of code. Current threshold is set to . Avoid really long methods.";"2013-12-08";"2017-02-19";"2013-12-08";"2017-02-19";"1169";"1"
"4122";"20";"32";"inc\phpseclib\Math_BigInteger.php";"259";"480";"ExcessiveMethodLength";"Code Size Rules";"Math_BigInteger";"Math_BigInteger";;"3";"The method Math_BigInteger() has 222 lines of code. Current threshold is set to 100. Avoid really long methods.";"The method Math_BigInteger() has  lines of code. Current threshold is set to . Avoid really long methods.";"2013-12-08";"2017-02-19";"2013-12-08";"2017-02-19";"1169";"1"
"4143";"20";"32";"inc\phpseclib\Math_BigInteger.php";"1375";"1545";"ExcessiveMethodLength";"Code Size Rules";"Math_BigInteger";"Math_BigInteger";;"3";"The method divide() has 171 lines of code. Current threshold is set to 100. Avoid really long methods.";"The method divide() has  lines of code. Current threshold is set to . Avoid really long methods.";"2013-12-08";"2017-02-19";"2013-12-08";"2017-02-19";"1169";"1"
"4149";"20";"32";"inc\phpseclib\Math_BigInteger.php";"1613";"1741";"ExcessiveMethodLength";"Code Size Rules";"Math_BigInteger";"Math_BigInteger";;"3";"The method modPow() has 129 lines of code. Current threshold is set to 100. Avoid really long methods.";"The method modPow() has  lines of code. Current threshold is set to . Avoid really long methods.";"2013-12-08";"2017-02-19";"2013-12-08";"2017-02-19";"1169";"1"
"4163";"20";"32";"inc\phpseclib\Math_BigInteger.php";"2459";"2565";"ExcessiveMethodLength";"Code Size Rules";"Math_BigInteger";"Math_BigInteger";;"3";"The method extendedGCD() has 107 lines of code. Current threshold is set to 100. Avoid really long methods.";"The method extendedGCD() has  lines of code. Current threshold is set to . Avoid really long methods.";"2013-12-08";"2017-02-19";"2013-12-08";"2017-02-19";"1169";"1"
"4189";"20";"32";"inc\phpseclib\Math_BigInteger.php";"3243";"3379";"ExcessiveMethodLength";"Code Size Rules";"Math_BigInteger";"Math_BigInteger";;"3";"The method isPrime() has 137 lines of code. Current threshold is set to 100. Avoid really long methods.";"The method isPrime() has  lines of code. Current threshold is set to . Avoid really long methods.";"2013-12-08";"2017-02-19";"2013-12-08";"2017-02-19";"1169";"1"
"4240";"21";"0";"inc\auth.php";"704";"819";"ExcessiveMethodLength";"Code Size Rules";"+global";;"auth_aclcheck_cb";"3";"The function auth_aclcheck_cb() has 116 lines of code. Current threshold is set to 100. Avoid really long methods.";"The function auth_aclcheck_cb() has  lines of code. Current threshold is set to . Avoid really long methods.";"2014-05-05";;"2014-05-05";"2019-01-06";"1707";"0"
"4261";"21";"0";"inc\common.php";"1481";"1591";"ExcessiveMethodLength";"Code Size Rules";"+global";;"userlink";"3";"The function userlink() has 111 lines of code. Current threshold is set to 100. Avoid really long methods.";"The function userlink() has  lines of code. Current threshold is set to . Avoid really long methods.";"2014-05-05";;"2014-05-05";"2019-01-06";"1707";"0"
"4265";"21";"0";"inc\html.php";"1321";"1439";"ExcessiveMethodLength";"Code Size Rules";"+global";;"html_diff_navigation";"3";"The function html_diff_navigation() has 119 lines of code. Current threshold is set to 100. Avoid really long methods.";"The function html_diff_navigation() has  lines of code. Current threshold is set to . Avoid really long methods.";"2014-05-05";;"2014-05-05";"2019-01-06";"1707";"0"
"4286";"21";"0";"inc\parser\xhtml.php";"1072";"1172";"ExcessiveMethodLength";"Code Size Rules";"+global";"Doku_Renderer_xhtml";;"3";"The method _media() has 101 lines of code. Current threshold is set to 100. Avoid really long methods.";"The method _media() has  lines of code. Current threshold is set to . Avoid really long methods.";"2014-05-05";;"2014-05-05";"2019-01-06";"1707";"0"
"4404";"23";"0";"lib\plugins\authldap\auth.php";"161";"273";"ExcessiveMethodLength";"Code Size Rules";"+global";"auth_plugin_authldap";;"3";"The method _getUserData() has 113 lines of code. Current threshold is set to 100. Avoid really long methods.";"The method _getUserData() has  lines of code. Current threshold is set to . Avoid really long methods.";"2014-09-29";;"2014-09-29";"2019-01-06";"1560";"0"
"4469";"28";"0";"inc\parser\handler.php";"901";"1006";"ExcessiveMethodLength";"Code Size Rules";"+global";"Doku_Handler_List";;"3";"The method listOpen() has 106 lines of code. Current threshold is set to 100. Avoid really long methods.";"The method listOpen() has  lines of code. Current threshold is set to . Avoid really long methods.";"2015-08-10";;"2015-08-10";"2019-01-06";"1245";"0"
"4532";"30";"0";"inc\common.php";"1247";"1354";"ExcessiveMethodLength";"Code Size Rules";"+global";;"saveWikiText";"3";"The function saveWikiText() has 108 lines of code. Current threshold is set to 100. Avoid really long methods.";"The function saveWikiText() has  lines of code. Current threshold is set to . Avoid really long methods.";"2016-06-26";;"2016-06-26";"2019-01-06";"924";"0"
"4545";"30";"0";"lib\plugins\authpdo\auth.php";"26";"143";"ExcessiveMethodLength";"Code Size Rules";"+global";"auth_plugin_authpdo";;"3";"The method __construct() has 118 lines of code. Current threshold is set to 100. Avoid really long methods.";"The method __construct() has  lines of code. Current threshold is set to . Avoid really long methods.";"2016-06-26";;"2016-06-26";"2019-01-06";"924";"0"
"4573";"32";"0";"inc\load.php";"49";"152";"ExcessiveMethodLength";"Code Size Rules";"+global";;"load_autoload";"3";"The function load_autoload() has 104 lines of code. Current threshold is set to 100. Avoid really long methods.";"The function load_autoload() has  lines of code. Current threshold is set to . Avoid really long methods.";"2017-02-19";;"2017-02-19";"2019-01-06";"686";"0"
"4610";"38";"0";"inc\Action\Resendpwd.php";"54";"170";"ExcessiveMethodLength";"Code Size Rules";"dokuwiki\Action";"Resendpwd";;"3";"The method resendpwd() has 117 lines of code. Current threshold is set to 100. Avoid really long methods.";"The method resendpwd() has  lines of code. Current threshold is set to . Avoid really long methods.";"2018-04-22";;"2018-04-22";"2019-01-06";"259";"0"
"4638";"38";"0";"inc\Ajax.php";"342";"444";"ExcessiveMethodLength";"Code Size Rules";"dokuwiki";"Ajax";;"3";"The method call_linkwiz() has 103 lines of code. Current threshold is set to 100. Avoid really long methods.";"The method call_linkwiz() has  lines of code. Current threshold is set to . Avoid really long methods.";"2018-04-22";;"2018-04-22";"2019-01-06";"259";"0"
"4692";"38";"0";"inc\fulltext.php";"56";"158";"ExcessiveMethodLength";"Code Size Rules";"+global";;"_ft_pageSearch";"3";"The function _ft_pageSearch() has 103 lines of code. Current threshold is set to 100. Avoid really long methods.";"The function _ft_pageSearch() has  lines of code. Current threshold is set to . Avoid really long methods.";"2018-04-22";;"2018-04-22";"2019-01-06";"259";"0"
"2069";"9";"18";"inc\SimplePie.php";"5279";"5314";"ExcessiveParameterList";"Code Size Rules";"+global";"SimplePie_Enclosure";;"3";"The method SimplePie_Enclosure has 26 parameters. Consider reducing the number of parameters to less than 10.";"The method SimplePie_Enclosure has  parameters. Consider reducing the number of parameters to less than .";"2008-05-04";"2013-05-10";"2008-05-04";"2013-05-10";"1832";"1"
"3544";"18";"32";"inc\SimplePie.php";"5624";"5659";"ExcessiveParameterList";"Code Size Rules";"SimplePie\API";"SimplePie_Enclosure";;"3";"The method __construct has 26 parameters. Consider reducing the number of parameters to less than 10.";"The method __construct has  parameters. Consider reducing the number of parameters to less than .";"2013-05-10";"2017-02-19";"2013-05-10";"2017-02-19";"1381";"1"
"444";"1";"0";"inc\parser\parser.php";"138";"162";"NumberOfChildren";"Design Rules";"+global";"Doku_Parser_Mode";;"2";"The class Doku_Parser_Mode has 33 children. Consider to rebalance this class hierarchy to keep number of children under 15.";"The class Doku_Parser_Mode has  children. Consider to rebalance this class hierarchy to keep number of children under .";"2005-07-01";;"2005-07-01";"2019-01-06";"4937";"0"
"4590";"38";"0";"inc\Action\AbstractAction.php";"16";"88";"NumberOfChildren";"Design Rules";"dokuwiki\Action";"AbstractAction";;"2";"The class AbstractAction has 22 children. Consider to rebalance this class hierarchy to keep number of children under 15.";"The class AbstractAction has  children. Consider to rebalance this class hierarchy to keep number of children under .";"2018-04-22";;"2018-04-22";"2019-01-06";"259";"0"
"4650";"38";"0";"inc\Menu\Item\AbstractItem.php";"20";"253";"NumberOfChildren";"Design Rules";"dokuwiki\Menu\Item";"AbstractItem";;"2";"The class AbstractItem has 17 children. Consider to rebalance this class hierarchy to keep number of children under 15.";"The class AbstractItem has  children. Consider to rebalance this class hierarchy to keep number of children under .";"2018-04-22";;"2018-04-22";"2019-01-06";"259";"0"
